{
  "usuarios": [
    {
      "id": "user_001",
      "nombre": "Juan Pérez",
      "correo": "juan.perez@example.com",
      "contrasena": "123456",
      "rol": "admin",
      "estado": "activo",
      "fechaRegistro": "2024-11-15"
    },
    {
      "id": "user_002",
      "nombre": "María Gómez",
      "correo": "maria.gomez@example.com",
      "contrasena": "mariapass2024",
      "rol": "editor",
      "estado": "activo",
      "fechaRegistro": "2024-12-03"
    },
    {
      "id": "user_003",
      "nombre": "Carlos Ramírez",
      "correo": "carlos.ramirez@example.com",
      "contrasena": "qwerty123",
      "rol": "lector",
      "estado": "inactivo",
      "fechaRegistro": "2025-01-10"
    },
    {
      "id": "user_004",
      "nombre": "Lucía Fernández",
      "correo": "lucia.fernandez@example.com",
      "contrasena": "lucia!2025",
      "rol": "admin",
      "estado": "activo",
      "fechaRegistro": "2025-02-08"
    },
    {
      "id": "da4f",
      "correo": "Jajajanaa",
      "contrasena": "nanananana"
    },
    {
      "id": "704c",
      "correo": "Jajajanaa",
      "contrasena": "nanananana"
    },
    {
      "id": "0d0b",
      "correo": "Jajajanaa",
      "contrasena": "nanananana"
    },
    {
      "id": "5308",
      "correo": "Jajajanaa",
      "contrasena": "nanananana"
    },
    {
      "id": "911a",
      "correo": "Jajajanaa",
      "contrasena": "nanananana"
    },
    {
      "id": "3349",
      "correo": "Jajajanaa",
      "contrasena": "nanananana"
    },
    {
      "id": "93ff",
      "correo": "Jajajanaa",
      "contrasena": "nanananana"
    },
    {
      "id": "fb60",
      "correo": "Jajajanaa",
      "contrasena": "nanananana"
    },
    {
      "id": "b37c",
      "correo": "Jajajjaa",
      "contrasena": "jananana"
    },
    {
      "id": "dc0e",
      "correo": "Jajajjaa",
      "contrasena": "jananana"
    },
    {
      "id": "33e6",
      "correo": "Jajajjaa",
      "contrasena": "jananana"
    },
    {
      "id": "3ca8",
      "correo": "Jajajjaa",
      "contrasena": "jananana"
    },
    {
      "id": "9d46",
      "correo": "Jajajjaa",
      "contrasena": "jananana"
    },
    {
      "id": "331b",
      "correo": "Jajajjaa",
      "contrasena": "jananana"
    },
    {
      "id": "cc00",
      "correo": "Jajajjaa",
      "contrasena": "jananana"
    },
    {
      "id": "94e6",
      "correo": "Jajajjaa",
      "contrasena": "jananana"
    },
    {
      "id": "ff75",
      "correo": "jajanana",
      "contrasena": "bajajaja"
    },
    {
      "id": "67ce",
      "correo": "jajanana",
      "contrasena": "bajajaja"
    },
    {
      "id": "2103",
      "correo": "jajanana",
      "contrasena": "bajajaja"
    },
    {
      "id": "1494",
      "correo": "jajanana",
      "contrasena": "bajajaja"
    },
    {
      "id": "63ff",
      "correo": "jajanana",
      "contrasena": "bajajaja"
    },
    {
      "id": "9016",
      "correo": "jajanana",
      "contrasena": "bajajaja"
    },
    {
      "id": "b250",
      "correo": "jajanana",
      "contrasena": "bajajaja"
    },
    {
      "id": "f372",
      "correo": "jajanana",
      "contrasena": "bajajaja"
    },
    {
      "id": "858b",
      "correo": "jajanana",
      "contrasena": "bajajaja"
    },
    {
      "id": "1fd7",
      "correo": "jajanana",
      "contrasena": "bajajaja"
    },
    {
      "id": "bcbc",
      "correo": "jajanana",
      "contrasena": "bajajaja"
    },
    {
      "id": "7301",
      "correo": "jajanana",
      "contrasena": "bajajaja"
    },
    {
      "id": "548d",
      "correo": "jajanana",
      "contrasena": "bajajaja"
    },
    {
      "id": "97af",
      "correo": "Najakaja",
      "contrasena": "nanajaaj"
    },
    {
      "id": "2721",
      "correo": "Najakaja",
      "contrasena": "nanajaaj"
    },
    {
      "id": "b6a6",
      "correo": "Najakaja",
      "contrasena": "nanajaaj"
    },
    {
      "id": "0deb",
      "correo": "Najakaja",
      "contrasena": "nanajaaj"
    },
    {
      "id": "eaa1",
      "correo": "Najakaja",
      "contrasena": "nanajaaj"
    },
    {
      "id": "f4b0",
      "correo": "Najakaja",
      "contrasena": "nanajaaj"
    },
    {
      "id": "9140",
      "correo": "Najakaja",
      "contrasena": "nanajaaj"
    },
    {
      "id": "e06f",
      "correo": "Najakaja",
      "contrasena": "nanajaaj"
    },
    {
      "id": "f675",
      "correo": "Najakaja",
      "contrasena": "nanajaaj"
    }
  ]
}